First Name,Last Name,Email,Phone,Street,Street2,City,State,Zip
Fin,Raddon,fraddon0@purevolume.com,507-232-4631,667 Coleman Avenue,,Brooklyn,NY,11204.00
Sasha,Featherstone,sfeatherstonhalgh1@phoca.cz,378-918-4679,59 Granby Park,,Brooklyn,NY,11204.00
Pat,Halpeine,phalpeine2@princeton.edu,613-117-0041,018 Calypso Center,,Brooklyn,NY,11204.00
Windham,McBryde,wmcbryde3@state.tx.us,328-470-7500,323 Stang Drive,,Brooklyn,NY,11204.00
Bette,Glasson,bglasson4@dot.gov,250-719-8014,8851 Luster Trail,,Brooklyn,NY,11204.00
Cthrine,Tiddy,ctiddy5@abc.net.au,833-164-3920,547 Union Avenue,,Brooklyn,NY,11204.00
Lorne,Sibbons,lsibbons6@wp.com,811-712-1820,4 Derek Parkway,,Brooklyn,NY,11204.00
Stesha,Campany,scampany7@delicious.com,852-348-7105,4 Holmberg Hill,,Brooklyn,NY,11204.00
Richardo,Rappport,rrappport8@squidoo.com,103-885-4299,7 John Wall Center,,Brooklyn,NY,11204.00
Simmonds,Gillcrist,sgillcrist9@google.com.hk,937-591-2785,38441 Melvin Crossing,,Brooklyn,NY,11204.00
Nickey,Gecke,ngeckea@foxnews.com,487-567-5444,817 Miller Trail,,Brooklyn,NY,11204.00
Hogan,Olivo,holivob@zimbio.com,837-198-9918,6 Mosinee Circle,,Brooklyn,NY,11204.00
Tommy,Cane,tcanec@gizmodo.com,822-524-4417,8430 Parkside Lane,,Brooklyn,NY,11204.00
Selinda,Mattisssen,smattisssend@myspace.com,614-464-6448,124 Boyd Center,,Brooklyn,NY,11204.00
Ardith,Stych,astyche@bloomberg.com,253-623-3155,4 Carpenter Circle,,Brooklyn,NY,11204.00
Edmund,MacVean,emacveanf@cpanel.net,408-577-6202,5 Haas Point,,Brooklyn,NY,11204.00
